{
  "metadata": {
    "graph_path": "data/subgraph.bin",
    "embedding_path": "/home/family/artistpath-dev/artistpath/experiments/embeddings/embeddings_fastrp_16_q3_seed456.bin",
    "n_nodes_evaluated": 50000,
    "sample_size": 50000
  },
  "neighborhood_preservation": {
    "5": {
      "mean": 0.02922666666666667,
      "std": 0.08163347461536705,
      "median": 0.0
    },
    "10": {
      "mean": 0.03218666666666667,
      "std": 0.06556096941863437,
      "median": 0.0
    },
    "20": {
      "mean": 0.033419415204678365,
      "std": 0.055972593935774015,
      "median": 0.0
    },
    "50": {
      "mean": 0.032917992119733716,
      "std": 0.04550525853359008,
      "median": 0.0
    }
  },
  "distance_correlation": {
    "spearman_r": 0.16265573001361563,
    "spearman_r2": 0.026456886506262222,
    "spearman_p": 4.0128068725536373e-19,
    "pearson_r": 0.10901996493339539,
    "pearson_r2": 0.011885352432727814,
    "pearson_p": 2.4072482712787694e-09,
    "n_pairs": 2981
  },
  "community_preservation": {
    "nmi": 0.024289574798199386,
    "ari": -0.01869559511688139,
    "n_clusters": 20,
    "n_nodes": 10000
  },
  "runtime_seconds": 152.90973234176636
}