{
  "metadata": {
    "graph_path": "data/subgraph.bin",
    "embedding_path": "/home/family/artistpath-dev/artistpath/experiments/embeddings/embeddings_fastrp_256_q2_seed25.bin",
    "n_nodes_evaluated": 50000,
    "sample_size": 50000
  },
  "neighborhood_preservation": {
    "5": {
      "mean": 0.036026666666666665,
      "std": 0.09066587842794617,
      "median": 0.0
    },
    "10": {
      "mean": 0.03578666666666667,
      "std": 0.07086280202695283,
      "median": 0.0
    },
    "20": {
      "mean": 0.03403191520467837,
      "std": 0.0567749820081285,
      "median": 0.0
    },
    "50": {
      "mean": 0.029475561284262177,
      "std": 0.04345813896951967,
      "median": 0.0
    }
  },
  "distance_correlation": {
    "spearman_r": 0.20990991748958554,
    "spearman_r2": 0.04406217346048461,
    "spearman_p": 4.89428682687048e-31,
    "pearson_r": 0.08477973192930222,
    "pearson_r2": 0.0071876030415296555,
    "pearson_p": 3.5649764728211234e-06,
    "n_pairs": 2981
  },
  "community_preservation": {
    "nmi": 0.07139368321593015,
    "ari": 0.003303745937274242,
    "n_clusters": 20,
    "n_nodes": 10000
  },
  "runtime_seconds": 162.05922770500183
}