{
  "metadata": {
    "graph_path": "data/subgraph.bin",
    "embedding_path": "/home/family/artistpath-dev/artistpath/experiments/embeddings/embeddings_fastrp_128_q2_seed42.bin",
    "n_nodes_evaluated": 50000,
    "sample_size": 50000
  },
  "neighborhood_preservation": {
    "5": {
      "mean": 0.035640000000000005,
      "std": 0.08998772360716767,
      "median": 0.0
    },
    "10": {
      "mean": 0.0361,
      "std": 0.07087164454138199,
      "median": 0.0
    },
    "20": {
      "mean": 0.0345552485380117,
      "std": 0.05714702451375533,
      "median": 0.0
    },
    "50": {
      "mean": 0.029955993028854606,
      "std": 0.04387172619156034,
      "median": 0.0
    }
  },
  "distance_correlation": {
    "spearman_r": 0.21953944253445248,
    "spearman_r2": 0.048197566828338166,
    "spearman_p": 7.345128917733631e-34,
    "pearson_r": 0.09226549416780472,
    "pearson_r2": 0.008512921631336212,
    "pearson_p": 4.5065014415204476e-07,
    "n_pairs": 2981
  },
  "community_preservation": {
    "nmi": 0.04262270610582751,
    "ari": 0.001271951882582728,
    "n_clusters": 20,
    "n_nodes": 10000
  },
  "runtime_seconds": 159.98906135559082
}