{
  "metadata": {
    "graph_path": "data/subgraph.bin",
    "embedding_path": "/home/family/artistpath-dev/artistpath/experiments/embeddings/embeddings_fastrp_128_q3_seed456.bin",
    "n_nodes_evaluated": 50000,
    "sample_size": 50000
  },
  "neighborhood_preservation": {
    "5": {
      "mean": 0.03542666666666667,
      "std": 0.08961681489046078,
      "median": 0.0
    },
    "10": {
      "mean": 0.036846666666666666,
      "std": 0.07137608407427364,
      "median": 0.0
    },
    "20": {
      "mean": 0.03718191520467837,
      "std": 0.059595092216002496,
      "median": 0.0
    },
    "50": {
      "mean": 0.034373074150017634,
      "std": 0.047170197672954176,
      "median": 0.0
    }
  },
  "distance_correlation": {
    "spearman_r": 0.1921270243064834,
    "spearman_r2": 0.036912793468864065,
    "spearman_p": 3.527689035400518e-26,
    "pearson_r": 0.10801241546869278,
    "pearson_r2": 0.011666681617498398,
    "pearson_p": 3.376691310569616e-09,
    "n_pairs": 2981
  },
  "community_preservation": {
    "nmi": 0.08116153754660205,
    "ari": 0.008771505922787037,
    "n_clusters": 20,
    "n_nodes": 10000
  },
  "runtime_seconds": 162.2270257472992
}