{
  "metadata": {
    "graph_path": "data/subgraph.bin",
    "embedding_path": "/home/family/artistpath-dev/artistpath/experiments/embeddings/embeddings_fastrp_64_q2_seed789.bin",
    "n_nodes_evaluated": 50000,
    "sample_size": 50000
  },
  "neighborhood_preservation": {
    "5": {
      "mean": 0.03490666666666667,
      "std": 0.08932942877039149,
      "median": 0.0
    },
    "10": {
      "mean": 0.035206666666666664,
      "std": 0.0695752315443107,
      "median": 0.0
    },
    "20": {
      "mean": 0.03426191520467837,
      "std": 0.05700167542300106,
      "median": 0.0
    },
    "50": {
      "mean": 0.02983075707001285,
      "std": 0.04336898650514386,
      "median": 0.0
    }
  },
  "distance_correlation": {
    "spearman_r": 0.20125982811209706,
    "spearman_r2": 0.04050551841171085,
    "spearman_p": 1.2882556730348813e-28,
    "pearson_r": 0.09035130590200424,
    "pearson_r2": 0.008163358084857464,
    "pearson_p": 7.768687890119302e-07,
    "n_pairs": 2981
  },
  "community_preservation": {
    "nmi": 0.04622499008000324,
    "ari": -0.015476876985197868,
    "n_clusters": 20,
    "n_nodes": 10000
  },
  "runtime_seconds": 158.21452450752258
}