{
  "metadata": {
    "graph_path": "data/subgraph.bin",
    "embedding_path": "/home/family/artistpath-dev/artistpath/experiments/embeddings/embeddings_fastrp_128_q2_seed789.bin",
    "n_nodes_evaluated": 50000,
    "sample_size": 50000
  },
  "neighborhood_preservation": {
    "5": {
      "mean": 0.03562666666666667,
      "std": 0.0905591676443884,
      "median": 0.0
    },
    "10": {
      "mean": 0.03570666666666667,
      "std": 0.0702229035128695,
      "median": 0.0
    },
    "20": {
      "mean": 0.03415191520467837,
      "std": 0.056808595497285376,
      "median": 0.0
    },
    "50": {
      "mean": 0.029711286770553267,
      "std": 0.04362935119725433,
      "median": 0.0
    }
  },
  "distance_correlation": {
    "spearman_r": 0.21397172506078443,
    "spearman_r2": 0.04578389912548793,
    "spearman_p": 3.276020245475146e-32,
    "pearson_r": 0.09337221086025238,
    "pearson_r2": 0.008718369528651237,
    "pearson_p": 3.272989373218781e-07,
    "n_pairs": 2981
  },
  "community_preservation": {
    "nmi": 0.05885034123160796,
    "ari": -0.004105000347814157,
    "n_clusters": 20,
    "n_nodes": 10000
  },
  "runtime_seconds": 158.13992190361023
}