{
  "metadata": {
    "graph_path": "data/subgraph.bin",
    "embedding_path": "/home/family/artistpath-dev/artistpath/experiments/embeddings/embeddings_fastrp_16_q3_seed123.bin",
    "n_nodes_evaluated": 50000,
    "sample_size": 50000
  },
  "neighborhood_preservation": {
    "5": {
      "mean": 0.029560000000000003,
      "std": 0.0822569535054636,
      "median": 0.0
    },
    "10": {
      "mean": 0.03184,
      "std": 0.06549972824371106,
      "median": 0.0
    },
    "20": {
      "mean": 0.033374791021671825,
      "std": 0.05543466861319346,
      "median": 0.0
    },
    "50": {
      "mean": 0.03233847364604177,
      "std": 0.04496380669494778,
      "median": 0.0
    }
  },
  "distance_correlation": {
    "spearman_r": 0.17633418945817714,
    "spearman_r2": 0.03109374637187231,
    "spearman_p": 3.025415062183378e-22,
    "pearson_r": 0.11057547479867935,
    "pearson_r2": 0.012226935476064682,
    "pearson_p": 1.419125770240445e-09,
    "n_pairs": 2981
  },
  "community_preservation": {
    "nmi": 0.02716113725956346,
    "ari": -0.0177574389879062,
    "n_clusters": 20,
    "n_nodes": 10000
  },
  "runtime_seconds": 152.13829445838928
}