{
  "metadata": {
    "graph_path": "data/subgraph.bin",
    "embedding_path": "/home/family/artistpath-dev/artistpath/experiments/embeddings/embeddings_fastrp_2_q3_seed42.bin",
    "n_nodes_evaluated": 50000,
    "sample_size": 50000
  },
  "neighborhood_preservation": {
    "5": {
      "mean": 0.00252,
      "std": 0.022663839039315473,
      "median": 0.0
    },
    "10": {
      "mean": 0.00432,
      "std": 0.022568509033606982,
      "median": 0.0
    },
    "20": {
      "mean": 0.006084722222222223,
      "std": 0.02028526493244862,
      "median": 0.0
    },
    "50": {
      "mean": 0.008858431140087405,
      "std": 0.019221438831227903,
      "median": 0.0
    }
  },
  "distance_correlation": {
    "spearman_r": 0.10099524126761648,
    "spearman_r2": 0.010200038758704063,
    "spearman_p": 3.2758901311329885e-08,
    "pearson_r": 0.07538342475891113,
    "pearson_r2": 0.005682660732418299,
    "pearson_p": 3.789359937739367e-05,
    "n_pairs": 2981
  },
  "community_preservation": {
    "nmi": 0.021350051823741723,
    "ari": -0.01797006908595065,
    "n_clusters": 20,
    "n_nodes": 10000
  },
  "runtime_seconds": 153.5800585746765
}