{
  "metadata": {
    "graph_path": "data/subgraph.bin",
    "embedding_path": "/home/family/artistpath-dev/artistpath/experiments/embeddings/embeddings_fastrp_2_q2_seed789.bin",
    "n_nodes_evaluated": 50000,
    "sample_size": 50000
  },
  "neighborhood_preservation": {
    "5": {
      "mean": 0.0018,
      "std": 0.018888091486436633,
      "median": 0.0
    },
    "10": {
      "mean": 0.0035600000000000002,
      "std": 0.019680609746651655,
      "median": 0.0
    },
    "20": {
      "mean": 0.005809415204678362,
      "std": 0.020060612363292252,
      "median": 0.0
    },
    "50": {
      "mean": 0.008767382023760624,
      "std": 0.019458190803486448,
      "median": 0.0
    }
  },
  "distance_correlation": {
    "spearman_r": 0.05904748331115064,
    "spearman_r2": 0.003486605285380613,
    "spearman_p": 0.0012581070806235296,
    "pearson_r": 0.032480448484420776,
    "pearson_r2": 0.0010549795115366578,
    "pearson_p": 0.07621038750452154,
    "n_pairs": 2981
  },
  "community_preservation": {
    "nmi": 0.012041592578100916,
    "ari": -0.018684073461176485,
    "n_clusters": 20,
    "n_nodes": 10000
  },
  "runtime_seconds": 151.9445674419403
}