{
  "metadata": {
    "graph_path": "data/subgraph.bin",
    "embedding_path": "/home/family/artistpath-dev/artistpath/experiments/embeddings/embeddings_fastrp_64_q4_seed789.bin",
    "n_nodes_evaluated": 50000,
    "sample_size": 50000
  },
  "neighborhood_preservation": {
    "5": {
      "mean": 0.03454666666666667,
      "std": 0.08861574377301386,
      "median": 0.0
    },
    "10": {
      "mean": 0.036326666666666674,
      "std": 0.07034625442133441,
      "median": 0.0
    },
    "20": {
      "mean": 0.03714479102167183,
      "std": 0.059123968574100044,
      "median": 0.0
    },
    "50": {
      "mean": 0.035920133603308244,
      "std": 0.048152264261585906,
      "median": 0.0
    }
  },
  "distance_correlation": {
    "spearman_r": 0.1816342103507721,
    "spearman_r2": 0.03299098636974852,
    "spearman_p": 1.58585474929027e-23,
    "pearson_r": 0.11335252970457077,
    "pearson_r2": 0.01284879632294178,
    "pearson_p": 5.424711008138151e-10,
    "n_pairs": 2981
  },
  "community_preservation": {
    "nmi": 0.03926919499424386,
    "ari": -0.05723479176812456,
    "n_clusters": 20,
    "n_nodes": 10000
  },
  "runtime_seconds": 156.8402705192566
}