{
  "metadata": {
    "graph_path": "data/subgraph.bin",
    "embedding_path": "/home/family/artistpath-dev/artistpath/experiments/embeddings/embeddings_fastrp_256_q2_seed123.bin",
    "n_nodes_evaluated": 50000,
    "sample_size": 50000
  },
  "neighborhood_preservation": {
    "5": {
      "mean": 0.036386666666666664,
      "std": 0.09127010853018151,
      "median": 0.0
    },
    "10": {
      "mean": 0.036186666666666666,
      "std": 0.0711389301140928,
      "median": 0.0
    },
    "20": {
      "mean": 0.034443679910560715,
      "std": 0.057470816857454365,
      "median": 0.0
    },
    "50": {
      "mean": 0.029768989802150588,
      "std": 0.04367625241291856,
      "median": 0.0
    }
  },
  "distance_correlation": {
    "spearman_r": 0.21345428140663952,
    "spearman_r2": 0.04556273025082486,
    "spearman_p": 4.6376766606049184e-32,
    "pearson_r": 0.08634210377931595,
    "pearson_r2": 0.0074549587443470955,
    "pearson_p": 2.3469604686545713e-06,
    "n_pairs": 2981
  },
  "community_preservation": {
    "nmi": 0.0951834487051572,
    "ari": 0.041245859461670614,
    "n_clusters": 20,
    "n_nodes": 10000
  },
  "runtime_seconds": 157.2841672897339
}