{
  "metadata": {
    "graph_path": "data/subgraph.bin",
    "embedding_path": "/home/family/artistpath-dev/artistpath/experiments/embeddings/embeddings_fastrp_64_q2_seed456.bin",
    "n_nodes_evaluated": 50000,
    "sample_size": 50000
  },
  "neighborhood_preservation": {
    "5": {
      "mean": 0.03456,
      "std": 0.0892054168758826,
      "median": 0.0
    },
    "10": {
      "mean": 0.03486,
      "std": 0.06959008837471037,
      "median": 0.0
    },
    "20": {
      "mean": 0.0338152485380117,
      "std": 0.056801202263790235,
      "median": 0.0
    },
    "50": {
      "mean": 0.029599727939434165,
      "std": 0.04346606295087812,
      "median": 0.0
    }
  },
  "distance_correlation": {
    "spearman_r": 0.19156250358699886,
    "spearman_r2": 0.03669619278051895,
    "spearman_p": 4.94555263670607e-26,
    "pearson_r": 0.08881282806396484,
    "pearson_r2": 0.007887718267738819,
    "pearson_p": 1.1940891713732573e-06,
    "n_pairs": 2981
  },
  "community_preservation": {
    "nmi": 0.05451146066850032,
    "ari": -0.013742708149567934,
    "n_clusters": 20,
    "n_nodes": 10000
  },
  "runtime_seconds": 153.98445415496826
}