{
  "metadata": {
    "graph_path": "data/subgraph.bin",
    "embedding_path": "/home/family/artistpath-dev/artistpath/experiments/embeddings/embeddings_fastrp_16_q2_seed25.bin",
    "n_nodes_evaluated": 50000,
    "sample_size": 50000
  },
  "neighborhood_preservation": {
    "5": {
      "mean": 0.026520000000000005,
      "std": 0.07782473642743674,
      "median": 0.0
    },
    "10": {
      "mean": 0.02808,
      "std": 0.06222148824963929,
      "median": 0.0
    },
    "20": {
      "mean": 0.028767013243894052,
      "std": 0.051923006488912286,
      "median": 0.0
    },
    "50": {
      "mean": 0.027627371933640763,
      "std": 0.04107562184993735,
      "median": 0.0
    }
  },
  "distance_correlation": {
    "spearman_r": 0.17402502996321734,
    "spearman_r2": 0.03028471105369869,
    "spearman_p": 1.0624551349969313e-21,
    "pearson_r": 0.0734558030962944,
    "pearson_r2": 0.005395755171775818,
    "pearson_p": 5.961707826554679e-05,
    "n_pairs": 2981
  },
  "community_preservation": {
    "nmi": 0.015076469522670768,
    "ari": -0.01683813958626731,
    "n_clusters": 20,
    "n_nodes": 10000
  },
  "runtime_seconds": 155.72996068000793
}