{
  "dataset_info": {
    "nodes": 170052,
    "edges": 26650666,
    "source_nodes": 170933,
    "max_edges_per_node": 250
  },
  "basic_metrics": {
    "density": 0.00092160990195527,
    "reciprocity": 0.71301,
    "reciprocity_sample_size": 1000000
  },
  "degree_stats": {
    "out_degree": {
      "mean": 155.77107,
      "median": 161.0,
      "std": 52.863284243935325,
      "min": 1,
      "max": 249,
      "q25": 118.0,
      "q75": 199.0,
      "gini": 0.19335566523296,
      "sample_size": 100000
    },
    "in_degree": {
      "mean": 156.72068543739562,
      "median": 109.0,
      "std": 152.4842676478875,
      "min": 1,
      "max": 1856,
      "q25": 51.0,
      "q75": 210.0,
      "gini": 0.48092944858457876,
      "full_count": 170052
    }
  },
  "weight_stats": {
    "mean": 0.17992698299000004,
    "median": 0.129399,
    "std": 0.17652663430485951,
    "min": 8.1e-05,
    "max": 1.0,
    "q25": 0.05553175,
    "q75": 0.243869,
    "sample_size": 100000
  },
  "power_law_fits": {
    "out_degree_fit": {
      "alpha": -1.0034237583403312,
      "intercept": 0.46738209536154907,
      "r_squared": 0.7290558301810555,
      "fit_range": [
        1.0,
        249.0
      ],
      "n_points": 249
    },
    "in_degree_fit": {
      "alpha": 1.8625988454212103,
      "intercept": 6.327944291627635,
      "r_squared": 0.7524240884754847,
      "fit_range": [
        1.0,
        1856.0
      ],
      "n_points": 1164
    }
  },
  "top_nodes": {
    "top_by_in_degree": [
      [
        "89f130d9-7baa-4e71-85ee-89b49f27c9f5",
        1856
      ],
      [
        "7d13e7cb-b1a3-49fd-b65e-de9970368c15",
        1739
      ],
      [
        "0190bad6-3be5-4e8c-a358-994a90fbc64d",
        1722
      ],
      [
        "79c8fc89-8f53-439c-a4c0-59720c519781",
        1612
      ],
      [
        "12b0dae0-e842-47ff-aa6f-a0981e2e54a2",
        1598
      ],
      [
        "c8e3542f-0252-42f5-93c4-9738309d0fdc",
        1568
      ],
      [
        "b04ddabe-7419-4ed1-bb6a-0808b328bc16",
        1559
      ],
      [
        "38765e90-5cd2-4fa6-983a-a2c58558778e",
        1551
      ],
      [
        "ee884a0f-fc70-411c-8c61-75a8c60f08cc",
        1548
      ],
      [
        "37fdbfb9-be69-42ba-bd6c-cd2064b0c607",
        1541
      ],
      [
        "22b99651-3595-4790-9d9a-c3f8baeb06cc",
        1524
      ],
      [
        "2b94e2ca-6b9b-4b4f-8e7a-c30a231689bf",
        1510
      ],
      [
        "0fc493db-f50a-4a0c-9826-19712f367b09",
        1491
      ],
      [
        "7ead7c4a-3a18-45c1-a6f9-ca28a3707c8c",
        1487
      ],
      [
        "44683b78-b5da-4df5-b37e-cb1991b8feca",
        1483
      ],
      [
        "584efb7c-5b6d-40a8-88a2-570b5c37b960",
        1471
      ],
      [
        "9b422c81-017c-4f8f-a7a9-ba6229c29343",
        1451
      ],
      [
        "52df547f-ab9e-4041-8bf8-7b0bf07ab24b",
        1434
      ],
      [
        "f9a3265b-a84d-4332-aa1a-74fc039df97f",
        1433
      ],
      [
        "3a0e86f3-1b0a-433b-b5cb-2ce0a05f649e",
        1426
      ]
    ],
    "top_by_out_degree": [
      [
        "fb013356-0ceb-438d-a6bb-f61886d0430f",
        249
      ],
      [
        "fb013356-0ceb-438d-a6bb-f61886d0430f",
        249
      ],
      [
        "c130e0f8-5aea-46da-9e99-ebaa5cd24430",
        249
      ],
      [
        "1aade430-6db6-4fe0-b0c9-cdb8324a2b7b",
        249
      ],
      [
        "1aade430-6db6-4fe0-b0c9-cdb8324a2b7b",
        249
      ],
      [
        "fe0608b6-3a75-4a90-8db8-849f87d3399d",
        248
      ],
      [
        "fe0608b6-3a75-4a90-8db8-849f87d3399d",
        248
      ],
      [
        "fdc9dfd9-c6d5-4282-8f49-85dff4dad053",
        248
      ],
      [
        "ef9185ff-eff6-4d1a-bbd9-84fe20f1ef63",
        248
      ],
      [
        "ef9185ff-eff6-4d1a-bbd9-84fe20f1ef63",
        248
      ],
      [
        "ee83ab96-43ce-496a-814b-c5eca5735bf7",
        248
      ],
      [
        "ee83ab96-43ce-496a-814b-c5eca5735bf7",
        248
      ],
      [
        "eb1099c1-3ee0-49d3-8b6a-16ae5ae50004",
        248
      ],
      [
        "eb1099c1-3ee0-49d3-8b6a-16ae5ae50004",
        248
      ],
      [
        "eb1099c1-3ee0-49d3-8b6a-16ae5ae50004",
        248
      ],
      [
        "e7e0d474-2824-41bc-83c7-0be401b24c82",
        248
      ],
      [
        "e7e0d474-2824-41bc-83c7-0be401b24c82",
        248
      ],
      [
        "e7e0d474-2824-41bc-83c7-0be401b24c82",
        248
      ],
      [
        "dc9fc068-72df-4f39-9329-bea481871900",
        248
      ],
      [
        "dc9fc068-72df-4f39-9329-bea481871900",
        248
      ]
    ]
  },
  "computation_time": 56.26900506019592
}